-- INSERT USERS
INSERT INTO `t_user` (`user_id`, `password`, `first_name`, `last_name`, `address`, `city`, `zip_code`, `state`, `phone_number`, `email`, `role`) VALUES (1, 'EGH93EOQ4IX', 'Mauricio', 'Rosales', 'Ap #584-886 Est. Ave', 'Minatitlán', '27112-18853', 'San Luis Potosí', '(444) 574-1411', '177691@upslp.edu.mx', 'ADMIN');
INSERT INTO `t_user` (`user_id`, `password`, `first_name`, `last_name`, `address`, `city`, `zip_code`, `state`, `phone_number`, `email`, `role`) VALUES (2, 'QRD46JQU8GL', 'Russell', 'Suarez', '2232 Donec Avenue', 'Pachuca', '07566-15524', 'Chihuahua', '(871) 257-8721', 'r.suarez7762@outlook.com', 'USER');
INSERT INTO `t_user` (`user_id`, `password`, `first_name`, `last_name`, `address`, `city`, `zip_code`, `state`, `phone_number`, `email`, `role`) VALUES (3, 'VQW19YEG0PF', 'Tanner', 'Collins', 'P.O. Box 210, 1486 Luctus Rd.', 'Morelia', '53861-53340', 'Chihuahua', '(770) 535-0176', 'tannercollins1400@google.edu', 'USER');
INSERT INTO `t_user` (`user_id`, `password`, `first_name`, `last_name`, `address`, `city`, `zip_code`, `state`, `phone_number`, `email`, `role`) VALUES (4, 'BQI49VZA3DP', 'Travis', 'Mcintyre', 'Ap #704-1742 Tincidunt Ave', 'Querétaro', '56114-51353', 'Chihuahua', '(772) 686-9718', 'm_travis8153@outlook.com', 'USER');
INSERT INTO `t_user` (`user_id`, `password`, `first_name`, `last_name`, `address`, `city`, `zip_code`, `state`, `phone_number`, `email`, `role`) VALUES (5, 'TUE47NSO2SQ', 'Barrett', 'Mathews', '155-7349 Cum St.', 'General Escobedo', '58184-92778', 'Coahuila', '(725) 954-9286', 'barrett.mathews7047@icloud.edu', 'USER');
INSERT INTO `t_user` (`user_id`, `password`, `first_name`, `last_name`, `address`, `city`, `zip_code`, `state`, `phone_number`, `email`, `role`) VALUES (6, 'COI72OEU2TL', 'Howard', 'Lee', '270-3969 Ridiculus Street', 'Tehuacán', '53537-67332', 'Oaxaca', '(299) 266-6152', 'lee-howard1108@google.edu', 'USER');
INSERT INTO `t_user` (`user_id`, `password`, `first_name`, `last_name`, `address`, `city`, `zip_code`, `state`, `phone_number`, `email`, `role`) VALUES (7, 'JCS15SMY5LW', 'Phelan', 'Santiago', '206-3070 Vel St.', 'Pachuca', '52645-41367', 'Morelos', '(853) 783-5799', 'phelansantiago@icloud.edu', 'USER');
INSERT INTO `t_user` (`user_id`, `password`, `first_name`, `last_name`, `address`, `city`, `zip_code`, `state`, `phone_number`, `email`, `role`) VALUES (8, 'RTB45XHK0LB', 'Amir', 'Thornton', 'P.O. Box 221, 5931 Mollis Rd.', 'Tapachula', '97381-78333', 'Sinaloa', '(615) 443-0243', 't.amir8968@icloud.com', 'USER');
INSERT INTO `t_user` (`user_id`, `password`, `first_name`, `last_name`, `address`, `city`, `zip_code`, `state`, `phone_number`, `email`, `role`) VALUES (9, 'JSI17ULW6BS', 'Wang', 'Andrews', '6652 Suspendisse Rd.', 'Mérida', '23587-72328', 'Tamaulipas', '(833) 299-4281', 'w.andrews221@hotmail.com', 'USER');
INSERT INTO `t_user` (`user_id`, `password`, `first_name`, `last_name`, `address`, `city`, `zip_code`, `state`, `phone_number`, `email`, `role`) VALUES (10, 'ODB47WSX8JW', 'Mannix', 'Miranda', '1848 Elit Av.', 'Pachuca', '13713-58863', 'Jalisco', '(780) 609-3161', 'miranda_mannix7878@icloud.edu', 'USER');
INSERT INTO `t_user` (`user_id`, `password`, `first_name`, `last_name`, `address`, `city`, `zip_code`, `state`, `phone_number`, `email`, `role`) VALUES (11, 'KKS52YRI8KY', 'Victor', 'Calderon', 'P.O. Box 349, 9555 Et, Rd.', 'San Luis Potosí', '38527-06471', 'Morelos', '(303) 161-1791', 'cvictor871@hotmail.com', 'USER');
INSERT INTO `t_user` (`user_id`, `password`, `first_name`, `last_name`, `address`, `city`, `zip_code`, `state`, `phone_number`, `email`, `role`) VALUES (12, 'TFY60SKC8TX', 'Robert', 'Peck', 'P.O. Box 594, 2488 Aliquam Street', 'Oaxaca', '18863-62149', 'Baja California', '(764) 554-4583', 'p-robert1309@protonmail.edu', 'USER');
INSERT INTO `t_user` (`user_id`, `password`, `first_name`, `last_name`, `address`, `city`, `zip_code`, `state`, `phone_number`, `email`, `role`) VALUES (13, 'BBB48BTY3MM', 'Reese', 'Crane', 'P.O. Box 945, 1020 Massa. Rd.', 'Mexico City', '61734-72734', 'Jalisco', '(244) 524-1854', 'crane.reese@aol.com', 'USER');
INSERT INTO `t_user` (`user_id`, `password`, `first_name`, `last_name`, `address`, `city`, `zip_code`, `state`, `phone_number`, `email`, `role`) VALUES (14, 'IOB78LSP2II', 'Daquan', 'Lopez', '702-5844 A St.', 'Ciudad Apodaca', '61104-20334', 'Tabasco', '(317) 335-5247', 'lopez.daquan7043@icloud.com', 'USER');
INSERT INTO `t_user` (`user_id`, `password`, `first_name`, `last_name`, `address`, `city`, `zip_code`, `state`, `phone_number`, `email`, `role`) VALUES (15, 'ZCX89QYN8ME', 'Ignatius', 'Lancaster', 'Ap #660-2254 Ante St.', 'Mazatlán', '45178-62785', 'Hidalgo', '(387) 614-7836', 'i.lancaster@outlook.edu', 'USER');
INSERT INTO `t_user` (`user_id`, `password`, `first_name`, `last_name`, `address`, `city`, `zip_code`, `state`, `phone_number`, `email`, `role`) VALUES (16, 'IRS93QLJ1HQ', 'Dante', 'Rutledge', 'P.O. Box 983, 7424 Dignissim St.', 'San Nicolás de los Garza', '17062-28632', 'Querétaro', '(356) 815-6407', 'rutledgedante7421@google.com', 'USER');
INSERT INTO `t_user` (`user_id`, `password`, `first_name`, `last_name`, `address`, `city`, `zip_code`, `state`, `phone_number`, `email`, `role`) VALUES (17, 'KBT25ZLG4WE', 'Jeremy', 'Day', 'P.O. Box 812, 3342 Odio. St.', 'Orizaba', '80463-90883', 'Chihuahua', '(683) 151-5687', 'day-jeremy@aol.edu', 'USER');
INSERT INTO `t_user` (`user_id`, `password`, `first_name`, `last_name`, `address`, `city`, `zip_code`, `state`, `phone_number`, `email`, `role`) VALUES (18, 'UTA94CSB8IO', 'Clark', 'Gay', 'Ap #128-1280 Eu St.', 'Tehuacán', '24196-28864', 'Tamaulipas', '(219) 545-1368', 'gay-clark@outlook.com', 'USER');
INSERT INTO `t_user` (`user_id`, `password`, `first_name`, `last_name`, `address`, `city`, `zip_code`, `state`, `phone_number`, `email`, `role`) VALUES (19, 'WYA90RNA9GI', 'Carter', 'Phillips', '3385 Sed Street', 'Cuautla', '83368-43813', 'Querétaro', '(295) 251-7412', 'cphillips@aol.edu', 'USER');
INSERT INTO `t_user` (`user_id`, `password`, `first_name`, `last_name`, `address`, `city`, `zip_code`, `state`, `phone_number`, `email`, `role`) VALUES (20, 'CWK66UZN6RE', 'Benedict', 'Riddle', 'Ap #778-2771 Arcu. St.', 'Juárez', '64452-11752', 'Tabasco', '(862) 107-1546', 'briddle3294@yahoo.com', 'USER');
INSERT INTO `t_user` (`user_id`, `password`, `first_name`, `last_name`, `address`, `city`, `zip_code`, `state`, `phone_number`, `email`, `role`) VALUES (21, 'WGB61CZN0QC', 'Dennis', 'Brewer', '184-5412 Mauris St.', 'Pachuca', '78303-67631', 'Puebla', '(727) 791-6934', 'brewer.dennis@protonmail.edu', 'USER');
INSERT INTO `t_user` (`user_id`, `password`, `first_name`, `last_name`, `address`, `city`, `zip_code`, `state`, `phone_number`, `email`, `role`) VALUES (22, 'GFX81BLQ4ZD', 'Gary', 'Melton', '879-6210 In, Ave', 'León', '33314-68130', 'Guanajuato', '(797) 334-1642', 'gary-melton@aol.com', 'USER');
INSERT INTO `t_user` (`user_id`, `password`, `first_name`, `last_name`, `address`, `city`, `zip_code`, `state`, `phone_number`, `email`, `role`) VALUES (23, 'ZSF42AGV9YE', 'Herrod', 'Patel', 'P.O. Box 710, 9088 Lorem Road', 'Navojoa', '89091-80579', 'Morelos', '(878) 238-6399', 'patelherrod@outlook.edu', 'USER');
INSERT INTO `t_user` (`user_id`, `password`, `first_name`, `last_name`, `address`, `city`, `zip_code`, `state`, `phone_number`, `email`, `role`) VALUES (24, 'RHJ85ECE6JV', 'Vincent', 'Hamilton', 'Ap #433-8245 Diam. Street', 'Morelia', '83332-37372', 'Oaxaca', '(819) 791-6291', 'v-hamilton807@protonmail.edu', 'USER');
INSERT INTO `t_user` (`user_id`, `password`, `first_name`, `last_name`, `address`, `city`, `zip_code`, `state`, `phone_number`, `email`, `role`) VALUES (25, 'DHB52CKM1SC', 'Rigel', 'Browning', '4375 Tempus, Rd.', 'Guadalajara', '10395-48788', 'Tabasco', '(231) 855-0172', 'r.browning2376@protonmail.edu', 'USER');


-- INSERT CATEGORIES
INSERT INTO `t_category_catalog` (`category_id`, `name`, `description`, `additional_details`) VALUES (1, 'Audio y Accesorios', 'Some description', 'Some Details');
INSERT INTO `t_category_catalog` (`category_id`, `name`, `description`, `additional_details`) VALUES (2, 'Wearables y Salud Digital', 'Some description', 'Some Details');
INSERT INTO `t_category_catalog` (`category_id`, `name`, `description`, `additional_details`) VALUES (3, 'Accesorios para Celulares y Computadoras', 'Some description', 'Some Details');
INSERT INTO `t_category_catalog` (`category_id`, `name`, `description`, `additional_details`) VALUES (4, 'Hogar Inteligente', 'Some description', 'Some Details');
INSERT INTO `t_category_catalog` (`category_id`, `name`, `description`, `additional_details`) VALUES (5, 'Gaming y Entretenimiento', 'Some description', 'Some Details');

-- INSERT PRODUCTS
INSERT INTO `t_product` (`product_id`, `category_id`, `name`, `description`, `price`, `stock`, `is_active`, `weight`, `dimensions`, `creation_date`, `created_by`, `update_date`, `updated_by`) VALUES (1, 1, 'Auriculares inalámbricos Bluetooth', 'Some Description', 742.29, 123, 'true', 2.747, 0.9574955690197494, '2024-02-28 00:00:00', 'INTERFACE', NULL, NULL);
INSERT INTO `t_product` (`product_id`, `category_id`, `name`, `description`, `price`, `stock`, `is_active`, `weight`, `dimensions`, `creation_date`, `created_by`, `update_date`, `updated_by`) VALUES (2, 1, 'Bocinas portátiles (mini speakers)', 'Some Description', 3808.12, 96, 'true', 1.512, 0.25802547885516225, '2024-09-05 00:00:00', 'INTERFACE', NULL, NULL);
INSERT INTO `t_product` (`product_id`, `category_id`, `name`, `description`, `price`, `stock`, `is_active`, `weight`, `dimensions`, `creation_date`, `created_by`, `update_date`, `updated_by`) VALUES (3, 1, 'Audífonos inalámbricos de oído abierto', 'Some Description', 2714.46, 155, 'true', 1.6, 0.7617930628749652, '2025-02-16 00:00:00', 'INTERFACE', NULL, NULL);
INSERT INTO `t_product` (`product_id`, `category_id`, `name`, `description`, `price`, `stock`, `is_active`, `weight`, `dimensions`, `creation_date`, `created_by`, `update_date`, `updated_by`) VALUES (4, 1, 'Soundbars para TV', 'Some Description', 3823.41, 108, 'true', 1.359, 0.3973455205602334, '2025-04-23 00:00:00', 'INTERFACE', NULL, NULL);
INSERT INTO `t_product` (`product_id`, `category_id`, `name`, `description`, `price`, `stock`, `is_active`, `weight`, `dimensions`, `creation_date`, `created_by`, `update_date`, `updated_by`) VALUES (5, 1, 'Adaptadores Bluetooth para autos', 'Some Description', 1039.67, 122, 'true', 2.293, 0.2769958171501611, '2024-08-26 00:00:00', 'INTERFACE', NULL, NULL);
INSERT INTO `t_product` (`product_id`, `category_id`, `name`, `description`, `price`, `stock`, `is_active`, `weight`, `dimensions`, `creation_date`, `created_by`, `update_date`, `updated_by`) VALUES (6, 1, 'Micrófonos USB para streaming y podcast', 'Some Description', 1849.8, 152, 'true', 1.099, 0.27190926545088356, '2025-06-15 00:00:00', 'INTERFACE', NULL, NULL);
INSERT INTO `t_product` (`product_id`, `category_id`, `name`, `description`, `price`, `stock`, `is_active`, `weight`, `dimensions`, `creation_date`, `created_by`, `update_date`, `updated_by`) VALUES (7, 1, 'Auriculares con cancelación activa de ruido', 'Some Description', 3215.73, 187, 'true', 0.398, 0.09324271226586667, '2025-06-05 00:00:00', 'INTERFACE', NULL, NULL);
INSERT INTO `t_product` (`product_id`, `category_id`, `name`, `description`, `price`, `stock`, `is_active`, `weight`, `dimensions`, `creation_date`, `created_by`, `update_date`, `updated_by`) VALUES (8, 1, 'Cargadores inalámbricos para dispositivos', 'Some Description', 4675.16, 136, 'true', 2.707, 0.9228248046592825, '2024-09-09 00:00:00', 'INTERFACE', NULL, NULL);
INSERT INTO `t_product` (`product_id`, `category_id`, `name`, `description`, `price`, `stock`, `is_active`, `weight`, `dimensions`, `creation_date`, `created_by`, `update_date`, `updated_by`) VALUES (9, 1, 'Estaciones de carga múltiples (multi-device)', 'Some Description', 1592.98, 178, 'true', 2.302, 0.3120248194462707, '2024-09-21 00:00:00', 'INTERFACE', NULL, NULL);
INSERT INTO `t_product` (`product_id`, `category_id`, `name`, `description`, `price`, `stock`, `is_active`, `weight`, `dimensions`, `creation_date`, `created_by`, `update_date`, `updated_by`) VALUES (10, 1, 'Soportes para auriculares con carga', 'Some Description', 1126.39, 138, 'true', 2.573, 0.09552060818965158, '2024-04-24 00:00:00', 'INTERFACE', NULL, NULL);
INSERT INTO `t_product` (`product_id`, `category_id`, `name`, `description`, `price`, `stock`, `is_active`, `weight`, `dimensions`, `creation_date`, `created_by`, `update_date`, `updated_by`) VALUES (11, 2, 'Smartwatches con monitor de frecuencia cardíaca', 'Some Description', 1227.56, 130, 'true', 2.173, 0.025811416844149004, '2025-04-17 00:00:00', 'INTERFACE', NULL, NULL);
INSERT INTO `t_product` (`product_id`, `category_id`, `name`, `description`, `price`, `stock`, `is_active`, `weight`, `dimensions`, `creation_date`, `created_by`, `update_date`, `updated_by`) VALUES (12, 2, 'Pulseras de actividad física (fitness trackers)', 'Some Description', 4007.16, 137, 'true', 2.288, 0.2679983393084381, '2024-11-28 00:00:00', 'INTERFACE', NULL, NULL);
INSERT INTO `t_product` (`product_id`, `category_id`, `name`, `description`, `price`, `stock`, `is_active`, `weight`, `dimensions`, `creation_date`, `created_by`, `update_date`, `updated_by`) VALUES (13, 2, 'Básculas inteligentes con conexión a app', 'Some Description', 3749.33, 176, 'true', 0.919, 0.6402860191649297, '2024-04-20 00:00:00', 'INTERFACE', NULL, NULL);
INSERT INTO `t_product` (`product_id`, `category_id`, `name`, `description`, `price`, `stock`, `is_active`, `weight`, `dimensions`, `creation_date`, `created_by`, `update_date`, `updated_by`) VALUES (14, 2, 'Monitores de presión arterial digitales', 'Some Description', 513.06, 137, 'true', 0.645, 0.9206891814502917, '2024-11-25 00:00:00', 'INTERFACE', NULL, NULL);
INSERT INTO `t_product` (`product_id`, `category_id`, `name`, `description`, `price`, `stock`, `is_active`, `weight`, `dimensions`, `creation_date`, `created_by`, `update_date`, `updated_by`) VALUES (15, 2, 'Termómetros infrarrojos digitales', 'Some Description', 933.68, 145, 'true', 2.719, 0.8388906696510533, '2024-05-18 00:00:00', 'INTERFACE', NULL, NULL);
INSERT INTO `t_product` (`product_id`, `category_id`, `name`, `description`, `price`, `stock`, `is_active`, `weight`, `dimensions`, `creation_date`, `created_by`, `update_date`, `updated_by`) VALUES (16, 2, 'Gafas inteligentes con realidad aumentada', 'Some Description', 4839.05, 199, 'true', 1.06, 0.9777937266885326, '2024-06-12 00:00:00', 'INTERFACE', NULL, NULL);
INSERT INTO `t_product` (`product_id`, `category_id`, `name`, `description`, `price`, `stock`, `is_active`, `weight`, `dimensions`, `creation_date`, `created_by`, `update_date`, `updated_by`) VALUES (17, 2, 'Auriculares deportivos resistentes al sudor', 'Some Description', 1013.3, 142, 'true', 1.253, 0.8076364701291883, '2024-09-25 00:00:00', 'INTERFACE', NULL, NULL);
INSERT INTO `t_product` (`product_id`, `category_id`, `name`, `description`, `price`, `stock`, `is_active`, `weight`, `dimensions`, `creation_date`, `created_by`, `update_date`, `updated_by`) VALUES (18, 2, 'Dispositivos para medir calidad de sueño', 'Some Description', 2718.19, 184, 'true', 2.707, 0.2618149748354551, '2025-04-29 00:00:00', 'INTERFACE', NULL, NULL);
INSERT INTO `t_product` (`product_id`, `category_id`, `name`, `description`, `price`, `stock`, `is_active`, `weight`, `dimensions`, `creation_date`, `created_by`, `update_date`, `updated_by`) VALUES (19, 2, 'Anillos inteligentes para seguimiento de actividad', 'Some Description', 922.32, 69, 'true', 0.668, 0.25324911771547665, '2024-08-06 00:00:00', 'INTERFACE', NULL, NULL);
INSERT INTO `t_product` (`product_id`, `category_id`, `name`, `description`, `price`, `stock`, `is_active`, `weight`, `dimensions`, `creation_date`, `created_by`, `update_date`, `updated_by`) VALUES (20, 2, 'Relojes GPS para corredores y ciclistas', 'Some Description', 3942.69, 151, 'true', 1.487, 0.8598677083599526, '2024-09-12 00:00:00', 'INTERFACE', NULL, NULL);
INSERT INTO `t_product` (`product_id`, `category_id`, `name`, `description`, `price`, `stock`, `is_active`, `weight`, `dimensions`, `creation_date`, `created_by`, `update_date`, `updated_by`) VALUES (21, 3, 'Fundas protectoras para smartphones', 'Some Description', 930.93, 102, 'true', 0.875, 0.9021663954040918, '2024-07-30 00:00:00', 'INTERFACE', NULL, NULL);
INSERT INTO `t_product` (`product_id`, `category_id`, `name`, `description`, `price`, `stock`, `is_active`, `weight`, `dimensions`, `creation_date`, `created_by`, `update_date`, `updated_by`) VALUES (22, 3, 'Protectores de pantalla de vidrio templado', 'Some Description', 2668.72, 125, 'true', 1.206, 0.8513819632791895, '2025-02-12 00:00:00', 'INTERFACE', NULL, NULL);
INSERT INTO `t_product` (`product_id`, `category_id`, `name`, `description`, `price`, `stock`, `is_active`, `weight`, `dimensions`, `creation_date`, `created_by`, `update_date`, `updated_by`) VALUES (23, 3, 'Cargadores portátiles (power banks)', 'Some Description', 2302.12, 86, 'true', 0.571, 0.6588354840102734, '2024-11-28 00:00:00', 'INTERFACE', NULL, NULL);
INSERT INTO `t_product` (`product_id`, `category_id`, `name`, `description`, `price`, `stock`, `is_active`, `weight`, `dimensions`, `creation_date`, `created_by`, `update_date`, `updated_by`) VALUES (24, 3, 'Adaptadores USB-C multifunción (hub USB)', 'Some Description', 4107.37, 120, 'true', 1.651, 0.7059311852529437, '2024-09-26 00:00:00', 'INTERFACE', NULL, NULL);
INSERT INTO `t_product` (`product_id`, `category_id`, `name`, `description`, `price`, `stock`, `is_active`, `weight`, `dimensions`, `creation_date`, `created_by`, `update_date`, `updated_by`) VALUES (25, 3, 'Soportes ajustables para móviles y tablets', 'Some Description', 1745.56, 133, 'true', 2.881, 0.5370093641290208, '2025-02-04 00:00:00', 'INTERFACE', NULL, NULL);
INSERT INTO `t_product` (`product_id`, `category_id`, `name`, `description`, `price`, `stock`, `is_active`, `weight`, `dimensions`, `creation_date`, `created_by`, `update_date`, `updated_by`) VALUES (26, 3, 'Teclados y mouse inalámbricos', 'Some Description', 4125.03, 100, 'true', 2.271, 0.9221689989128867, '2025-02-09 00:00:00', 'INTERFACE', NULL, NULL);
INSERT INTO `t_product` (`product_id`, `category_id`, `name`, `description`, `price`, `stock`, `is_active`, `weight`, `dimensions`, `creation_date`, `created_by`, `update_date`, `updated_by`) VALUES (27, 3, 'Cámaras web HD para videollamadas', 'Some Description', 2856.42, 168, 'true', 1.569, 0.8340779986570485, '2024-01-01 00:00:00', 'INTERFACE', NULL, NULL);
INSERT INTO `t_product` (`product_id`, `category_id`, `name`, `description`, `price`, `stock`, `is_active`, `weight`, `dimensions`, `creation_date`, `created_by`, `update_date`, `updated_by`) VALUES (28, 3, 'Lentes de cámara para móviles (macro', 'Some Description', 3838.69, 78, 'true', 0.452, 0.8070176267412863, '2025-04-17 00:00:00', 'INTERFACE', NULL, NULL);
INSERT INTO `t_product` (`product_id`, `category_id`, `name`, `description`, `price`, `stock`, `is_active`, `weight`, `dimensions`, `creation_date`, `created_by`, `update_date`, `updated_by`) VALUES (29, 3, 'Memorias USB y discos duros externos SSD', 'Some Description', 4576.12, 138, 'true', 0.237, 0.9345251607925744, '2025-03-17 00:00:00', 'INTERFACE', NULL, NULL);
INSERT INTO `t_product` (`product_id`, `category_id`, `name`, `description`, `price`, `stock`, `is_active`, `weight`, `dimensions`, `creation_date`, `created_by`, `update_date`, `updated_by`) VALUES (30, 3, 'Estuches organizadores para cables y gadgets', 'Some Description', 1429.52, 146, 'true', 2.751, 0.5254636122770476, '2024-08-21 00:00:00', 'INTERFACE', NULL, NULL);
INSERT INTO `t_product` (`product_id`, `category_id`, `name`, `description`, `price`, `stock`, `is_active`, `weight`, `dimensions`, `creation_date`, `created_by`, `update_date`, `updated_by`) VALUES (31, 4, 'Bombillas inteligentes RGB controladas por app', 'Some Description', 701.86, 125, 'true', 2.098, 0.8947403963991925, '2025-03-18 00:00:00', 'INTERFACE', NULL, NULL);
INSERT INTO `t_product` (`product_id`, `category_id`, `name`, `description`, `price`, `stock`, `is_active`, `weight`, `dimensions`, `creation_date`, `created_by`, `update_date`, `updated_by`) VALUES (32, 4, 'Enchufes inteligentes WiFi', 'Some Description', 4576.89, 66, 'true', 2.782, 0.5722580803684417, '2024-07-20 00:00:00', 'INTERFACE', NULL, NULL);
INSERT INTO `t_product` (`product_id`, `category_id`, `name`, `description`, `price`, `stock`, `is_active`, `weight`, `dimensions`, `creation_date`, `created_by`, `update_date`, `updated_by`) VALUES (33, 4, 'Cámaras de seguridad para el hogar con conexión móvil', 'Some Description', 840.78, 90, 'true', 0.479, 0.5513441983675881, '2024-06-19 00:00:00', 'INTERFACE', NULL, NULL);
INSERT INTO `t_product` (`product_id`, `category_id`, `name`, `description`, `price`, `stock`, `is_active`, `weight`, `dimensions`, `creation_date`, `created_by`, `update_date`, `updated_by`) VALUES (34, 4, 'Termostatos inteligentes programables', 'Some Description', 1288.26, 107, 'true', 2.488, 0.2085626495898344, '2025-01-31 00:00:00', 'INTERFACE', NULL, NULL);
INSERT INTO `t_product` (`product_id`, `category_id`, `name`, `description`, `price`, `stock`, `is_active`, `weight`, `dimensions`, `creation_date`, `created_by`, `update_date`, `updated_by`) VALUES (35, 4, 'Sensores de movimiento y alarmas para casa', 'Some Description', 1605.85, 186, 'true', 1.15, 0.6435369513733377, '2025-04-25 00:00:00', 'INTERFACE', NULL, NULL);
INSERT INTO `t_product` (`product_id`, `category_id`, `name`, `description`, `price`, `stock`, `is_active`, `weight`, `dimensions`, `creation_date`, `created_by`, `update_date`, `updated_by`) VALUES (36, 4, 'Cerraduras electrónicas inteligentes', 'Some Description', 2527.2, 159, 'true', 2.312, 0.9895127605273443, '2024-07-10 00:00:00', 'INTERFACE', NULL, NULL);
INSERT INTO `t_product` (`product_id`, `category_id`, `name`, `description`, `price`, `stock`, `is_active`, `weight`, `dimensions`, `creation_date`, `created_by`, `update_date`, `updated_by`) VALUES (37, 4, 'Aspiradoras robotizadas con app', 'Some Description', 284.72, 75, 'true', 2.149, 0.2956384729807262, '2024-07-21 00:00:00', 'INTERFACE', NULL, NULL);
INSERT INTO `t_product` (`product_id`, `category_id`, `name`, `description`, `price`, `stock`, `is_active`, `weight`, `dimensions`, `creation_date`, `created_by`, `update_date`, `updated_by`) VALUES (38, 4, 'Altavoces inteligentes con asistente de voz', 'Some Description', 3327.27, 109, 'true', 0.951, 0.2149380367288376, '2024-12-15 00:00:00', 'INTERFACE', NULL, NULL);
INSERT INTO `t_product` (`product_id`, `category_id`, `name`, `description`, `price`, `stock`, `is_active`, `weight`, `dimensions`, `creation_date`, `created_by`, `update_date`, `updated_by`) VALUES (39, 4, 'Detectores de humo y monóxido de carbono inteligentes', 'Some Description', 394.51, 193, 'true', 1.107, 0.5667684924403342, '2024-10-15 00:00:00', 'INTERFACE', NULL, NULL);
INSERT INTO `t_product` (`product_id`, `category_id`, `name`, `description`, `price`, `stock`, `is_active`, `weight`, `dimensions`, `creation_date`, `created_by`, `update_date`, `updated_by`) VALUES (40, 4, 'Sistemas de riego automatizados para plantas', 'Some Description', 3635.68, 61, 'true', 2.23, 0.5438706432670493, '2025-04-28 00:00:00', 'INTERFACE', NULL, NULL);
INSERT INTO `t_product` (`product_id`, `category_id`, `name`, `description`, `price`, `stock`, `is_active`, `weight`, `dimensions`, `creation_date`, `created_by`, `update_date`, `updated_by`) VALUES (41, 5, 'Teclados mecánicos para gaming', 'Some Description', 981.98, 129, 'true', 0.557, 0.5587987737321704, '2024-02-09 00:00:00', 'INTERFACE', NULL, NULL);
INSERT INTO `t_product` (`product_id`, `category_id`, `name`, `description`, `price`, `stock`, `is_active`, `weight`, `dimensions`, `creation_date`, `created_by`, `update_date`, `updated_by`) VALUES (42, 5, 'Mouse gamer con alta precisión', 'Some Description', 1996.7, 64, 'true', 2.709, 0.3547866784278847, '2025-06-20 00:00:00', 'INTERFACE', NULL, NULL);
INSERT INTO `t_product` (`product_id`, `category_id`, `name`, `description`, `price`, `stock`, `is_active`, `weight`, `dimensions`, `creation_date`, `created_by`, `update_date`, `updated_by`) VALUES (43, 5, 'Sillas ergonómicas para gamers', 'Some Description', 1270.21, 153, 'true', 1.377, 0.14680623645211344, '2024-03-25 00:00:00', 'INTERFACE', NULL, NULL);
INSERT INTO `t_product` (`product_id`, `category_id`, `name`, `description`, `price`, `stock`, `is_active`, `weight`, `dimensions`, `creation_date`, `created_by`, `update_date`, `updated_by`) VALUES (44, 5, 'Consolas portátiles y accesorios', 'Some Description', 2526.61, 135, 'true', 2.517, 0.11923414614010719, '2025-05-23 00:00:00', 'INTERFACE', NULL, NULL);
INSERT INTO `t_product` (`product_id`, `category_id`, `name`, `description`, `price`, `stock`, `is_active`, `weight`, `dimensions`, `creation_date`, `created_by`, `update_date`, `updated_by`) VALUES (45, 5, 'Controladores y joysticks inalámbricos', 'Some Description', 3084.39, 107, 'true', 2.017, 0.4133780404048827, '2024-01-30 00:00:00', 'INTERFACE', NULL, NULL);
INSERT INTO `t_product` (`product_id`, `category_id`, `name`, `description`, `price`, `stock`, `is_active`, `weight`, `dimensions`, `creation_date`, `created_by`, `update_date`, `updated_by`) VALUES (46, 5, 'Auriculares con micrófono para juegos', 'Some Description', 3841.02, 52, 'true', 2.596, 0.6598114950119338, '2024-02-29 00:00:00', 'INTERFACE', NULL, NULL);
INSERT INTO `t_product` (`product_id`, `category_id`, `name`, `description`, `price`, `stock`, `is_active`, `weight`, `dimensions`, `creation_date`, `created_by`, `update_date`, `updated_by`) VALUES (47, 5, 'Pantallas curvas o monitores gaming', 'Some Description', 3288.52, 68, 'true', 0.97, 0.8091042449173652, '2024-08-17 00:00:00', 'INTERFACE', NULL, NULL);
INSERT INTO `t_product` (`product_id`, `category_id`, `name`, `description`, `price`, `stock`, `is_active`, `weight`, `dimensions`, `creation_date`, `created_by`, `update_date`, `updated_by`) VALUES (48, 5, 'Sistemas de realidad virtual (VR)', 'Some Description', 1108.47, 138, 'true', 2.827, 0.33667999124030756, '2024-01-06 00:00:00', 'INTERFACE', NULL, NULL);
INSERT INTO `t_product` (`product_id`, `category_id`, `name`, `description`, `price`, `stock`, `is_active`, `weight`, `dimensions`, `creation_date`, `created_by`, `update_date`, `updated_by`) VALUES (49, 5, 'Lámparas LED RGB para setups', 'Some Description', 2550, 127, 'true', 1.879, 0.2242751886936749, '2024-09-01 00:00:00', 'INTERFACE', NULL, NULL);
INSERT INTO `t_product` (`product_id`, `category_id`, `name`, `description`, `price`, `stock`, `is_active`, `weight`, `dimensions`, `creation_date`, `created_by`, `update_date`, `updated_by`) VALUES (50, 5, 'Alfombrillas de mouse gaming grandes y personalizadas', 'Some Description', 1806.82, 187, 'true', 2.838, 0.2827247889413098, '2025-04-27 00:00:00', 'INTERFACE', NULL, NULL);

-- INSERT ORDER STATUS CATALOG
INSERT INTO `t_order_status_catalog` (`status_id`, `name`, `description`) VALUES (1, 'Pending Payment', 'Order created, waiting for payment confirmation');
INSERT INTO `t_order_status_catalog` (`status_id`, `name`, `description`) VALUES (2, 'Paid', 'The payment was received');
INSERT INTO `t_order_status_catalog` (`status_id`, `name`, `description`) VALUES (3, 'Processing', 'The order is being prepared');
INSERT INTO `t_order_status_catalog` (`status_id`, `name`, `description`) VALUES (4, 'Shipped', 'The order was dispatched to the customer');
INSERT INTO `t_order_status_catalog` (`status_id`, `name`, `description`) VALUES (5, 'In Transit', 'The order is on its way');
INSERT INTO `t_order_status_catalog` (`status_id`, `name`, `description`) VALUES (6, 'Delivered', 'The order was received by the customer');
INSERT INTO `t_order_status_catalog` (`status_id`, `name`, `description`) VALUES (7, 'Cancelled', 'The order was cancelled');
INSERT INTO `t_order_status_catalog` (`status_id`, `name`, `description`) VALUES (8, 'Refunded', 'The payment was returned');
INSERT INTO `t_order_status_catalog` (`status_id`, `name`, `description`) VALUES (9, 'Failed', 'The payment or delivery process failed');
INSERT INTO `t_order_status_catalog` (`status_id`, `name`, `description`) VALUES (10, 'Returned', 'The customer returned the product');

-- INSERT SHIPPING TYPE CATALOG
INSERT INTO `t_shipping_type_catalog` (`shipping_id`, `name`, `description`) VALUES (1, 'Standard', 'Standard Shipping');
INSERT INTO `t_shipping_type_catalog` (`shipping_id`, `name`, `description`) VALUES (2, 'Express', 'Express Shipping');
INSERT INTO `t_shipping_type_catalog` (`shipping_id`, `name`, `description`) VALUES (3, 'Priority', 'Priority Shipping');

-- INSERT WAREHOUSE CATALOG
INSERT INTO `t_warehouse` (`warehouse_id`, `name`, `address`, `city`, `state`, `zip_code`, `country`) VALUES (1, 'Lacinia At', '489-4687 Rhoncus. St.', 'Laken', 'Brussels Hoofdstedelijk Gewest', 4591, 'Belgium');
INSERT INTO `t_warehouse` (`warehouse_id`, `name`, `address`, `city`, `state`, `zip_code`, `country`) VALUES (2, 'Bibendum Donec', '670-8149 Tortor Road', 'Burgos', 'Castilla y León', 52521, 'Spain');
INSERT INTO `t_warehouse` (`warehouse_id`, `name`, `address`, `city`, `state`, `zip_code`, `country`) VALUES (3, 'Suspendisse Aliquet', '5675 Ut Ave', 'Szczecin', 'Zachodniopomorskie', '10-818', 'Poland');
INSERT INTO `t_warehouse` (`warehouse_id`, `name`, `address`, `city`, `state`, `zip_code`, `country`) VALUES (4, 'Netus Et', '9110 Ac Ave', 'Tampines', 'East Region', 681143, 'Singapore');
INSERT INTO `t_warehouse` (`warehouse_id`, `name`, `address`, `city`, `state`, `zip_code`, `country`) VALUES (5, 'Fusce Diam', 'Ap #617-1843 Vivamus St.', 'Juliaca', 'Puno', 17735, 'Peru');

-- INSERT PAYMENT DETAILS
INSERT INTO `t_payment_details` (`payment_id`, `user_id`, `username`, `card_number`, `card_type`, `cvv_number`, `expiry_date`) VALUES (1, 1, 'Beck Waller', '5366-4973-8869-5516', 'MASTERCARD', 563, '2029-09-08 00:00:00');
INSERT INTO `t_payment_details` (`payment_id`, `user_id`, `username`, `card_number`, `card_type`, `cvv_number`, `expiry_date`) VALUES (2, 2, 'Willow Wilkinson', '6882-9581-9666-8728', 'AMEX', 927, '2029-05-08 00:00:00');
INSERT INTO `t_payment_details` (`payment_id`, `user_id`, `username`, `card_number`, `card_type`, `cvv_number`, `expiry_date`) VALUES (3, 3, 'Rhonda Newman', '9394-6188-2241-8895', 'AMEX', 605, '2028-09-26 00:00:00');
INSERT INTO `t_payment_details` (`payment_id`, `user_id`, `username`, `card_number`, `card_type`, `cvv_number`, `expiry_date`) VALUES (4, 4, 'Dolan Neal', '6910-1198-4821-4622', 'AMEX', 982, '2026-01-19 00:00:00');
INSERT INTO `t_payment_details` (`payment_id`, `user_id`, `username`, `card_number`, `card_type`, `cvv_number`, `expiry_date`) VALUES (5, 5, 'Quin Rhodes', '9435-8193-8561-5187', 'VISA', 150, '2028-05-24 00:00:00');
INSERT INTO `t_payment_details` (`payment_id`, `user_id`, `username`, `card_number`, `card_type`, `cvv_number`, `expiry_date`) VALUES (6, 6, 'Iliana Beasley', '4563-3177-5801-7186', 'MASTERCARD', 271, '2026-03-05 00:00:00');
INSERT INTO `t_payment_details` (`payment_id`, `user_id`, `username`, `card_number`, `card_type`, `cvv_number`, `expiry_date`) VALUES (7, 7, 'Hasad Daugherty', '5929-2505-2784-7732', 'VISA', 161, '2027-06-15 00:00:00');
INSERT INTO `t_payment_details` (`payment_id`, `user_id`, `username`, `card_number`, `card_type`, `cvv_number`, `expiry_date`) VALUES (8, 8, 'Chase Wagner', '1228-1048-3084-8115', 'AMEX', 164, '2028-10-18 00:00:00');
INSERT INTO `t_payment_details` (`payment_id`, `user_id`, `username`, `card_number`, `card_type`, `cvv_number`, `expiry_date`) VALUES (9, 9, 'Mechelle Hammond', '3353-2063-0117-9553', 'AMEX', 418, '2030-01-04 00:00:00');
INSERT INTO `t_payment_details` (`payment_id`, `user_id`, `username`, `card_number`, `card_type`, `cvv_number`, `expiry_date`) VALUES (10, 10, 'Alfreda Buck', '2464-4011-3907-4135', 'AMEX', 377, '2027-05-26 00:00:00');
INSERT INTO `t_payment_details` (`payment_id`, `user_id`, `username`, `card_number`, `card_type`, `cvv_number`, `expiry_date`) VALUES (11, 11, 'Lila Atkins', '7654-4816-7425-4621', 'MASTERCARD', 888, '2028-02-06 00:00:00');
INSERT INTO `t_payment_details` (`payment_id`, `user_id`, `username`, `card_number`, `card_type`, `cvv_number`, `expiry_date`) VALUES (12, 12, 'Erica Vaughn', '3067-7621-1614-3625', 'MASTERCARD', 474, '2028-05-25 00:00:00');
INSERT INTO `t_payment_details` (`payment_id`, `user_id`, `username`, `card_number`, `card_type`, `cvv_number`, `expiry_date`) VALUES (13, 13, 'Michael Anthony', '5936-5552-6501-7180', 'VISA', 137, '2029-11-19 00:00:00');
INSERT INTO `t_payment_details` (`payment_id`, `user_id`, `username`, `card_number`, `card_type`, `cvv_number`, `expiry_date`) VALUES (14, 14, 'Tanek Knight', '9257-7444-4097-1537', 'VISA', 937, '2027-07-02 00:00:00');
INSERT INTO `t_payment_details` (`payment_id`, `user_id`, `username`, `card_number`, `card_type`, `cvv_number`, `expiry_date`) VALUES (15, 15, 'Zephr Dominguez', '8515-8249-8604-8466', 'MASTERCARD', 177, '2029-01-08 00:00:00');
INSERT INTO `t_payment_details` (`payment_id`, `user_id`, `username`, `card_number`, `card_type`, `cvv_number`, `expiry_date`) VALUES (16, 16, 'Jack Arnold', '8648-9031-0609-6236', 'VISA', 386, '2027-06-17 00:00:00');
INSERT INTO `t_payment_details` (`payment_id`, `user_id`, `username`, `card_number`, `card_type`, `cvv_number`, `expiry_date`) VALUES (17, 17, 'Ulysses Yates', '1511-6817-1678-2495', 'MASTERCARD', 471, '2028-07-30 00:00:00');
INSERT INTO `t_payment_details` (`payment_id`, `user_id`, `username`, `card_number`, `card_type`, `cvv_number`, `expiry_date`) VALUES (18, 18, 'Wyatt Duncan', '3741-1831-8561-8753', 'VISA', 446, '2027-11-18 00:00:00');
INSERT INTO `t_payment_details` (`payment_id`, `user_id`, `username`, `card_number`, `card_type`, `cvv_number`, `expiry_date`) VALUES (19, 19, 'Kirby Martin', '7201-6296-1850-2951', 'VISA', 374, '2028-07-26 00:00:00');
INSERT INTO `t_payment_details` (`payment_id`, `user_id`, `username`, `card_number`, `card_type`, `cvv_number`, `expiry_date`) VALUES (20, 20, 'Burton Barker', '5109-7604-5713-4914', 'VISA', 270, '2026-12-05 00:00:00');
INSERT INTO `t_payment_details` (`payment_id`, `user_id`, `username`, `card_number`, `card_type`, `cvv_number`, `expiry_date`) VALUES (21, 21, 'Jack Bennett', '3623-4768-1235-7638', 'MASTERCARD', 505, '2026-06-29 00:00:00');
INSERT INTO `t_payment_details` (`payment_id`, `user_id`, `username`, `card_number`, `card_type`, `cvv_number`, `expiry_date`) VALUES (22, 22, 'Holly Bright', '2231-0437-2891-5666', 'VISA', 742, '2028-06-04 00:00:00');
INSERT INTO `t_payment_details` (`payment_id`, `user_id`, `username`, `card_number`, `card_type`, `cvv_number`, `expiry_date`) VALUES (23, 23, 'Bert Vargas', '7470-5481-6025-6626', 'VISA', 925, '2029-10-25 00:00:00');
INSERT INTO `t_payment_details` (`payment_id`, `user_id`, `username`, `card_number`, `card_type`, `cvv_number`, `expiry_date`) VALUES (24, 24, 'Hamish Morton', '2378-4626-3416-2251', 'AMEX', 745, '2027-01-09 00:00:00');
INSERT INTO `t_payment_details` (`payment_id`, `user_id`, `username`, `card_number`, `card_type`, `cvv_number`, `expiry_date`) VALUES (25, 25, 'Zeph Clay', '7194-7515-3439-5223', 'AMEX', 591, '2026-12-01 00:00:00');

-- Others
